name,label
rugby/00000035.jpg,rugby
rugby/00000020.jpg,rugby
rugby/00000125.jpg,rugby
rugby/00000140.jpg,rugby
rugby/00000007.jpg,rugby
rugby/00000072.jpg,rugby
rugby/00000173.jpg,rugby
rugby/00000160.jpg,rugby
rugby/00000117.jpg,rugby
rugby/00000111.jpg,rugby
rugby/00000138.jpg,rugby
rugby/00000121.jpg,rugby
rugby/00000128.jpg,rugby
rugby/00000023.jpg,rugby
rugby/00000038.jpg,rugby
rugby/00000137.jpg,rugby
rugby/00000119.jpg,rugby
rugby/00000151.jpg,rugby
rugby/00000005.jpg,rugby
rugby/00000102.jpg,rugby
rugby/00000025.jpg,rugby
rugby/00000022.jpg,rugby
rugby/00000129.jpg,rugby
rugby/00000062.jpg,rugby
rugby/00000131.jpg,rugby
rugby/00000071.jpg,rugby
rugby/00000147.jpg,rugby
rugby/00000077.jpg,rugby
rugby/00000164.jpg,rugby
rugby/00000042.jpg,rugby
rugby/00000002.jpg,rugby
rugby/00000076.jpg,rugby
rugby/00000132.jpg,rugby
rugby/00000070.jpg,rugby
rugby/00000029.jpg,rugby
rugby/00000053.jpg,rugby
rugby/00000101.jpg,rugby
rugby/00000033.jpg,rugby
rugby/00000163.jpg,rugby
rugby/00000078.jpg,rugby
rugby/00000060.jpg,rugby
rugby/00000037.jpg,rugby
rugby/00000079.jpg,rugby
rugby/00000161.jpg,rugby
rugby/00000061.jpg,rugby
rugby/00000067.jpg,rugby
rugby/00000165.jpg,rugby
rugby/00000008.jpg,rugby
rugby/00000006.jpg,rugby
rugby/00000048.jpg,rugby
rugby/00000039.jpg,rugby
rugby/00000133.jpg,rugby
rugby/00000110.jpg,rugby
rugby/00000146.jpg,rugby
rugby/00000027.jpg,rugby
rugby/00000063.jpg,rugby
rugby/00000013.jpg,rugby
rugby/00000050.jpg,rugby
rugby/00000170.jpg,rugby
rugby/00000010.jpg,rugby
rugby/00000047.jpg,rugby
rugby/00000142.jpg,rugby
rugby/00000169.jpg,rugby
rugby/00000057.jpg,rugby
rugby/00000150.jpg,rugby
rugby/00000026.jpg,rugby
rugby/00000124.jpg,rugby
rugby/00000148.jpg,rugby
rugby/00000046.jpg,rugby
rugby/00000019.jpg,rugby
rugby/00000055.jpg,rugby
rugby/00000168.jpg,rugby
rugby/00000118.jpg,rugby
rugby/00000144.jpg,rugby
rugby/00000120.jpg,rugby
rugby/00000012.jpg,rugby
rugby/00000107.jpg,rugby
rugby/00000073.jpg,rugby
rugby/00000126.jpg,rugby
rugby/00000065.jpg,rugby
rugby/00000054.jpg,rugby
rugby/00000045.jpg,rugby
rugby/00000074.jpg,rugby
rugby/00000016.jpg,rugby
rugby/00000103.jpg,rugby
rugby/00000122.jpg,rugby
rugby/00000068.jpg,rugby
rugby/00000139.jpg,rugby
rugby/00000001.jpg,rugby
rugby/00000155.jpg,rugby
rugby/00000141.jpg,rugby
rugby/00000172.jpg,rugby
rugby/00000105.jpg,rugby
rugby/00000127.jpg,rugby
rugby/00000159.jpg,rugby
rugby/00000100.jpg,rugby
rugby/00000021.jpg,rugby
rugby/00000014.jpg,rugby
rugby/00000075.jpg,rugby
rugby/00000031.jpg,rugby
rugby/00000156.jpg,rugby
rugby/00000152.jpg,rugby
rugby/00000056.jpg,rugby
rugby/00000116.jpg,rugby
rugby/00000108.jpg,rugby
rugby/00000130.jpg,rugby
rugby/00000004.jpg,rugby
rugby/00000123.jpg,rugby
rugby/00000011.jpg,rugby
rugby/00000136.jpg,rugby
rugby/00000176.jpg,rugby
nfl/00000034.jpg,nfl
nfl/00000035.jpg,nfl
nfl/00000020.jpg,nfl
nfl/00000135.jpg,nfl
nfl/00000140.jpg,nfl
nfl/00000028.jpg,nfl
nfl/00000044.jpg,nfl
nfl/00000072.jpg,nfl
nfl/00000149.jpg,nfl
nfl/00000160.jpg,nfl
nfl/00000121.jpg,nfl
nfl/00000128.jpg,nfl
nfl/00000023.jpg,nfl
nfl/00000115.jpg,nfl
nfl/00000119.jpg,nfl
nfl/00000151.jpg,nfl
nfl/00000005.jpg,nfl
nfl/00000102.jpg,nfl
nfl/00000025.jpg,nfl
nfl/00000114.jpg,nfl
nfl/00000129.jpg,nfl
nfl/00000062.jpg,nfl
nfl/00000131.jpg,nfl
nfl/00000071.jpg,nfl
nfl/00000147.jpg,nfl
nfl/00000003.jpg,nfl
nfl/00000164.jpg,nfl
nfl/00000064.jpg,nfl
nfl/00000154.jpg,nfl
nfl/00000042.jpg,nfl
nfl/00000002.jpg,nfl
nfl/00000070.jpg,nfl
nfl/00000053.jpg,nfl
nfl/00000101.jpg,nfl
nfl/00000033.jpg,nfl
nfl/00000163.jpg,nfl
nfl/00000032.jpg,nfl
nfl/00000078.jpg,nfl
nfl/00000000.jpg,nfl
nfl/00000037.jpg,nfl
nfl/00000079.jpg,nfl
nfl/00000061.jpg,nfl
nfl/00000067.jpg,nfl
nfl/00000165.jpg,nfl
nfl/00000008.jpg,nfl
nfl/00000058.jpg,nfl
nfl/00000006.jpg,nfl
nfl/00000048.jpg,nfl
nfl/00000039.jpg,nfl
nfl/00000174.jpg,nfl
nfl/00000133.jpg,nfl
nfl/00000157.jpg,nfl
nfl/00000110.jpg,nfl
nfl/00000017.jpg,nfl
nfl/00000146.jpg,nfl
nfl/00000036.jpg,nfl
nfl/00000059.jpg,nfl
nfl/00000063.jpg,nfl
nfl/00000013.jpg,nfl
nfl/00000050.jpg,nfl
nfl/00000170.jpg,nfl
nfl/00000010.jpg,nfl
nfl/00000047.jpg,nfl
nfl/00000142.jpg,nfl
nfl/00000169.jpg,nfl
nfl/00000166.jpg,nfl
nfl/00000057.jpg,nfl
nfl/00000150.jpg,nfl
nfl/00000026.jpg,nfl
nfl/00000124.jpg,nfl
nfl/00000148.jpg,nfl
nfl/00000019.jpg,nfl
nfl/00000055.jpg,nfl
nfl/00000168.jpg,nfl
nfl/00000118.jpg,nfl
nfl/00000120.jpg,nfl
nfl/00000143.jpg,nfl
nfl/00000012.jpg,nfl
nfl/00000073.jpg,nfl
nfl/00000126.jpg,nfl
nfl/00000171.jpg,nfl
nfl/00000065.jpg,nfl
nfl/00000112.jpg,nfl
nfl/00000049.jpg,nfl
nfl/00000016.jpg,nfl
nfl/00000103.jpg,nfl
nfl/00000043.jpg,nfl
nfl/00000113.jpg,nfl
nfl/00000068.jpg,nfl
nfl/00000139.jpg,nfl
nfl/00000155.jpg,nfl
nfl/00000177.jpg,nfl
nfl/00000024.jpg,nfl
nfl/00000040.jpg,nfl
nfl/00000172.jpg,nfl
nfl/00000105.jpg,nfl
nfl/00000127.jpg,nfl
nfl/00000159.jpg,nfl
nfl/00000178.jpg,nfl
nfl/00000021.jpg,nfl
nfl/00000014.jpg,nfl
nfl/00000075.jpg,nfl
nfl/00000031.jpg,nfl
nfl/00000134.jpg,nfl
nfl/00000156.jpg,nfl
nfl/00000152.jpg,nfl
nfl/00000116.jpg,nfl
nfl/00000108.jpg,nfl
nfl/00000130.jpg,nfl
nfl/00000123.jpg,nfl
nfl/00000011.jpg,nfl
nfl/00000136.jpg,nfl
